StateID,Query,Prct
1,chocolate cookies,100
1,butter cookies,73
1,peanut butter cookies,59
1,chocolate chip cookies,59
1,sugar cookies,55
1,word cookies,54
1,oatmeal cookies,53
1,girl scout cookies,44
1,no bake cookies,26
1,insomnia cookies,23
1,christmas cookies,20
1,chocolate oatmeal cookies,20
1,homemade cookies,15
1,cookies and cream,14
1,word cookies answers,13
1,cake mix cookies,12
1,chocolate no bake cookies,10
2,chocolate chip cookies,72
2,peanut butter cookies,52
2,sugar cookies,51
2,oatmeal cookies,48
2,no bake cookies,33
2,girl scout cookies,18
2,christmas cookies,18
2,pumpkin cookies,16
2,molasses cookies,8
2,shortbread cookies,8
2,oatmeal raisin cookies,7
2,gingerbread cookies,7
4,chocolate cookies,100
4,chocolate chocolate chip cookies,72
4,chocolate chip cookies,70
4,sugar cookies,64
4,butter cookies,64
4,peanut butter cookies,49
4,oatmeal cookies,44
4,girl scout cookies,44
4,cake cookies,24
4,christmas cookies,22
4,how to make cookies,22
4,no bake cookies,21
4,easy cookies,17
4,clear cookies,15
4,pumpkin cookies,14
4,word cookies,14
4,enable cookies,13
5,butter cookies,67
5,chocolate chip cookies,67
5,no bake cookies,56
5,peanut butter cookies,54
5,sugar cookies,52
5,oatmeal cookies,49
5,word cookies,42
5,girl scout cookies,30
5,christmas cookies,19
5,homemade cookies,16
5,cake mix cookies,16
5,no bake oatmeal cookies,13
5,no bake peanut butter cookies,11
5,chocolate no bake cookies,11
5,lemon cookies,10
5,word cookies answers,8
6,chocolate cookies,100
6,chocolate chip cookies,73
6,chocolate chocolate chip cookies,72
6,butter cookies,51
6,sugar cookies,49
6,girl scout cookies,42
6,oatmeal cookies,42
6,peanut butter cookies,35
6,best cookies,20
6,how to make cookies,20
6,cake cookies,19
6,christmas cookies,16
6,easy cookies,13
6,clear cookies,12
6,enable cookies,12
6,vegan cookies,11
6,chocolate oatmeal cookies,11
6,cookies strain,11
6,word cookies,10
8,chocolate cookies,100
8,chocolate chocolate chip cookies,77
8,chocolate chip cookies,76
8,butter cookies,56
8,sugar cookies,52
8,peanut butter cookies,43
8,oatmeal cookies,42
8,girl scout cookies,36
8,no bake cookies,24
8,christmas cookies,20
8,best cookies,18
8,cake cookies,18
8,how to make cookies,15
8,pumpkin cookies,13
8,easy cookies,13
8,gluten free cookies,12
8,enable cookies,10
8,clear cookies,10
8,chocolate chip oatmeal cookies,10
8,high altitude cookies,10
9,chocolate cookies,100
9,chocolate chip cookies,73
9,chocolate chocolate chip cookies,70
9,butter cookies,50
9,sugar cookies,43
9,oatmeal cookies,37
9,peanut butter cookies,33
9,insomnia cookies,29
9,girl scout cookies,29
9,christmas cookies,27
9,word cookies,16
9,how to make cookies,16
9,italian cookies,13
9,almond cookies,10
9,gluten free cookies,9
9,pumpkin cookies,9
10,butter cookies,100
10,chocolate chip cookies,97
10,sugar cookies,90
10,insomnia cookies,88
10,girl scout cookies,78
10,peanut butter cookies,68
10,oatmeal cookies,61
10,word cookies,47
10,christmas cookies,39
10,italian cookies,23
10,pumpkin cookies,20
10,no bake cookies,19
10,shortbread cookies,14
10,gingerbread cookies,14
10,oatmeal raisin cookies,12
10,insomnia cookies newark de,11
11,chocolate cookies,100
11,chocolate chip cookies,68
11,butter cookies,52
11,girl scout cookies,46
11,sugar cookies,44
11,oatmeal cookies,40
11,peanut butter cookies,35
11,christmas cookies,21
11,insomnia cookies,21
11,word cookies,13
11,pumpkin cookies,12
11,no bake cookies,12
11,cookies and cream,9
11,vegan cookies,9
11,homemade cookies,8
11,oatmeal raisin cookies,8
11,gingerbread cookies,7
11,lemon cookies,7
11,shortbread cookies,7
12,chocolate cookies,98
12,chocolate chocolate chip cookies,68
12,chocolate chip cookies,67
12,butter cookies,56
12,sugar cookies,54
12,peanut butter cookies,42
12,oatmeal cookies,41
12,girl scout cookies,38
12,cake cookies,24
12,christmas cookies,23
12,how to make cookies,22
12,word cookies,21
12,no bake cookies,15
12,enable cookies,14
12,cookies and cream,13
12,clear cookies,12
12,insomnia cookies,11
12,homemade cookies,11
13,chocolate cookies,100
13,chocolate chip cookies,69
13,chocolate chocolate chip cookies,66
13,butter cookies,64
13,sugar cookies,56
13,girl scout cookies,51
13,peanut butter cookies,50
13,oatmeal cookies,45
13,word cookies,32
13,cake cookies,26
13,how to make cookies,23
13,no bake cookies,23
13,easy cookies,21
13,christmas cookies,20
13,insomnia cookies,20
13,homemade cookies,13
13,enable cookies,13
13,clear cookies,12
13,cookies and cream,12
15,chocolate chip cookies,100
15,sugar cookies,57
15,oatmeal cookies,57
15,peanut butter cookies,39
15,girl scout cookies,34
15,honolulu cookies,29
15,shortbread cookies,26
15,word cookies,25
15,christmas cookies,20
15,big island cookies,17
15,cookies clothing,17
15,gingerbread cookies,15
15,no bake cookies,13
15,almond cookies,13
15,pumpkin cookies,11
15,oatmeal raisin cookies,7
16,chip cookies,99
16,chocolate chip cookies,86
16,butter cookies,60
16,sugar cookies,58
16,no bake cookies,55
16,peanut butter cookies,48
16,oatmeal cookies,45
16,girl scout cookies,21
16,pumpkin cookies,20
16,christmas cookies,14
16,word cookies,12
16,cake mix cookies,12
16,gingerbread cookies,8
16,peanut butter no bake cookies,7
16,shortbread cookies,6
16,toll house cookies,6
16,best chocolate chip cookies,6
16,snickerdoodle cookies,4
17,chocolate cookies,100
17,chocolate chocolate chip cookies,70
17,butter cookies,69
17,chocolate chip cookies,68
17,sugar cookies,53
17,peanut butter cookies,47
17,girl scout cookies,42
17,oatmeal cookies,41
17,insomnia cookies,25
17,christmas cookies,25
17,cake cookies,22
17,word cookies,21
17,how to make cookies,20
17,no bake cookies,20
17,easy cookies,16
17,cookies by design,14
17,enable cookies,11
17,clear cookies,11
17,chocolate oatmeal cookies,10
18,chocolate cookies,100
18,butter cookies,75
18,chocolate chocolate chip cookies,68
18,chocolate chip cookies,67
18,sugar cookies,57
18,peanut butter cookies,57
18,no bake cookies,52
18,oatmeal cookies,43
18,girl scout cookies,42
18,word cookies,32
18,insomnia cookies,30
18,cake cookies,26
18,christmas cookies,25
18,easy cookies,19
18,how to make cookies,18
18,pumpkin cookies,12
18,cake mix cookies,11
18,homemade cookies,11
19,chocolate cookies,99
19,chocolate chip cookies,69
19,butter cookies,65
19,sugar cookies,56
19,peanut butter cookies,52
19,oatmeal cookies,40
19,girl scout cookies,38
19,no bake cookies,30
19,word cookies,24
19,christmas cookies,23
19,cake cookies,22
19,monster cookies,17
19,how to make cookies,16
19,insomnia cookies,15
19,cake mix cookies,11
19,oatmeal chocolate chip cookies,11
19,cookies by design,10
19,enable cookies,9
20,butter cookies,95
20,chocolate chip cookies,91
20,sugar cookies,83
20,peanut butter cookies,80
20,no bake cookies,70
20,oatmeal cookies,56
20,girl scout cookies,54
20,christmas cookies,26
20,word cookies,25
20,cake mix cookies,21
20,pumpkin cookies,16
20,monster cookies,13
20,insomnia cookies,13
20,lemon cookies,12
20,oatmeal chocolate chip cookies,11
20,chocolate no bake cookies,11
20,hot box cookies,10
20,oatmeal raisin cookies,10
20,gluten free cookies,10
21,chocolate cookies,99
21,no bake cookies,75
21,butter cookies,71
21,chocolate chip cookies,66
21,peanut butter cookies,60
21,sugar cookies,57
21,oatmeal cookies,47
21,word cookies,40
21,girl scout cookies,39
21,cake cookies,26
21,insomnia cookies,23
21,christmas cookies,21
21,no bake oatmeal cookies,19
21,homemade cookies,15
21,chocolate oatmeal cookies,12
21,enable cookies,12
21,no bake peanut butter cookies,12
21,chocolate no bake cookies,11
21,cake mix cookies,11
22,chocolate chip cookies,76
22,cookie,70
22,sugar cookies,68
22,butter cookies,60
22,word cookies,55
22,girl scout cookies,55
22,peanut butter cookies,47
22,oatmeal cookies,47
22,christmas cookies,23
22,no bake cookies,20
22,cake mix cookies,20
22,homemade cookies,17
22,insomnia cookies,15
22,word cookies answers,11
22,gingerbread cookies,10
22,lemon cookies,10
22,cookies by design,9
23,chocolate chip cookies,77
23,butter cookies,60
23,peanut butter cookies,46
23,sugar cookies,40
23,no bake cookies,39
23,oatmeal cookies,36
23,pumpkin cookies,25
23,girl scout cookies,24
23,pumpkin chocolate chip cookies,17
23,pumpkin chip cookies,17
23,christmas cookies,14
23,molasses cookies,11
23,word cookies,10
23,peanut butter no bake cookies,9
23,gluten free cookies,8
23,chocolate no bake cookies,7
23,oatmeal raisin cookies,7
23,apple cookies,6
23,shortbread cookies,5
23,italian cookies,5
24,chocolate cookies,100
24,chocolate chip cookies,68
24,chocolate chocolate chip cookies,68
24,butter cookies,47
24,sugar cookies,47
24,oatmeal cookies,37
24,girl scout cookies,33
24,peanut butter cookies,33
24,word cookies,21
24,insomnia cookies,19
24,best cookies,19
24,christmas cookies,18
24,how to make cookies,18
24,cake cookies,18
24,berger cookies,11
24,easy cookies,11
24,enable cookies,11
24,no bake cookies,11
24,clear cookies,10
24,pumpkin cookies,10
25,chocolate cookies,100
25,chocolate chocolate chip cookies,78
25,chocolate chip cookies,76
25,butter cookies,52
25,sugar cookies,45
25,oatmeal cookies,40
25,peanut butter cookies,35
25,girl scout cookies,31
25,insomnia cookies,20
25,christmas cookies,18
25,how to make cookies,15
25,easy cookies,14
25,word cookies,12
25,enable cookies,11
25,pumpkin cookies,11
25,italian cookies,10
25,clear cookies,10
25,vegan cookies,10
25,oatmeal chocolate chip cookies,10
26,chocolate cookies,94
26,chocolate chocolate chip cookies,72
26,chocolate chip cookies,72
26,butter cookies,69
26,peanut butter cookies,56
26,sugar cookies,56
26,no bake cookies,49
26,oatmeal cookies,43
26,girl scout cookies,32
26,insomnia cookies,30
26,word cookies,26
26,christmas cookies,24
26,cake cookies,21
26,how to make cookies,19
26,easy cookies,18
26,cookies by design,12
26,enable cookies,10
26,pumpkin cookies,10
27,chocolate cookies,100
27,chocolate chocolate chip cookies,72
27,chocolate chip cookies,72
27,butter cookies,56
27,peanut butter cookies,45
27,sugar cookies,45
27,oatmeal cookies,40
27,girl scout cookies,40
27,christmas cookies,28
27,best cookies,18
27,no bake cookies,16
27,how to make cookies,14
27,word cookies,14
27,insomnia cookies,12
27,monster cookies,12
27,chocolate chip oatmeal cookies,11
27,clear cookies,10
27,gluten free cookies,9
28,butter cookies,72
28,sugar cookies,71
28,word cookies,70
28,chocolate chip cookies,66
28,peanut butter cookies,57
28,oatmeal cookies,51
28,insomnia cookies,48
28,girl scout cookies,40
28,no bake cookies,26
28,christmas cookies,19
28,word cookies answers,18
28,cake mix cookies,16
28,chocolate oatmeal cookies,12
28,how to make sugar cookies,8
28,how to enable cookies,8
28,no bake oatmeal cookies,8
28,oatmeal raisin cookies,8
28,cookies kids,8
29,chocolate cookies,100
29,butter cookies,78
29,chocolate chip cookies,68
29,chocolate chocolate chip cookies,66
29,sugar cookies,56
29,peanut butter cookies,54
29,oatmeal cookies,45
29,girl scout cookies,42
29,no bake cookies,41
29,cake cookies,31
29,word cookies,24
29,insomnia cookies,24
29,christmas cookies,21
29,how to make cookies,20
29,easy cookies,17
29,hot box cookies,15
29,cake mix cookies,15
29,gooey butter cookies,12
29,homemade cookies,11
29,enable cookies,10
30,chocolate chip cookies,100
30,butter cookies,83
30,sugar cookies,76
30,peanut butter cookies,69
30,oatmeal cookies,60
30,no bake cookies,51
30,christmas cookies,35
30,girl scout cookies,31
30,pumpkin cookies,23
30,monster cookies,13
30,gingerbread cookies,12
30,molasses cookies,10
30,cake mix cookies,10
31,chocolate chip cookies,63
31,butter cookies,58
31,girl scout cookies,49
31,sugar cookies,46
31,peanut butter cookies,45
31,eileens cookies,37
31,oatmeal cookies,35
31,no bake cookies,29
31,christmas cookies,22
31,word cookies,15
31,oatmeal chocolate chip cookies,12
31,monster cookies,11
31,cake mix cookies,10
31,gluten free cookies,9
31,pumpkin cookies,8
31,eileens cookies omaha,7
31,oatmeal raisin cookies,7
31,gingerbread cookies,5
31,snickerdoodle cookies,5
32,chocolate chip cookies,73
32,butter cookies,56
32,sugar cookies,55
32,cookie,53
32,oatmeal cookies,42
32,peanut butter cookies,39
32,girl scout cookies,35
32,christmas cookies,18
32,word cookies,16
32,no bake cookies,14
32,pumpkin cookies,13
32,cookies strain,11
32,vegan cookies,10
32,lemon cookies,8
32,shortbread cookies,7
32,cookies by design,7
32,gingerbread cookies,7
32,how to clear cookies,6
32,oatmeal raisin cookies,6
33,chocolate chip cookies,77
33,butter cookies,57
33,sugar cookies,45
33,peanut butter cookies,43
33,oatmeal cookies,39
33,girl scout cookies,31
33,christmas cookies,20
33,no bake cookies,20
33,word cookies,14
33,oatmeal chocolate chip cookies,10
33,gluten free cookies,10
33,pumpkin cookies,10
33,italian cookies,8
33,toll house cookies,7
33,gingerbread cookies,7
33,oatmeal raisin cookies,6
33,shortbread cookies,6
33,molasses cookies,6
33,apple cookies,6
34,chocolate cookies,100
34,chocolate chocolate chip cookies,72
34,chocolate chip cookies,72
34,sugar cookies,50
34,butter cookies,49
34,girl scout cookies,39
34,oatmeal cookies,39
34,peanut butter cookies,31
34,christmas cookies,26
34,cake cookies,23
34,how to make cookies,21
34,word cookies,20
34,best cookies,19
34,italian cookies,14
34,insomnia cookies,14
34,clear cookies,12
34,enable cookies,11
34,cookies and cream,11
34,pumpkin cookies,9
35,chocolate chip cookies,75
35,sugar cookies,62
35,butter cookies,61
35,peanut butter cookies,48
35,oatmeal cookies,46
35,girl scout cookies,34
35,christmas cookies,24
35,no bake cookies,19
35,word cookies,18
35,pumpkin cookies,17
35,wedding cookies,10
35,mexican cookies,9
35,oatmeal raisin cookies,9
35,oatmeal chocolate chip cookies,9
35,gingerbread cookies,8
35,rude boy cookies,8
35,cake mix cookies,7
36,chocolate cookies,98
36,chocolate chocolate chip cookies,69
36,chocolate chip cookies,68
36,butter cookies,51
36,sugar cookies,45
36,oatmeal cookies,37
36,peanut butter cookies,36
36,girl scout cookies,34
36,insomnia cookies,32
36,christmas cookies,24
36,best cookies,21
36,how to make cookies,18
36,cookies nyc,18
36,word cookies,17
36,cookies kids,16
36,cookies store,15
36,easy cookies,14
36,italian cookies,12
36,no bake cookies,12
37,chocolate cookies,100
37,chocolate chocolate chip cookies,66
37,chocolate chip cookies,65
37,butter cookies,59
37,sugar cookies,50
37,oatmeal cookies,48
37,peanut butter cookies,44
37,girl scout cookies,40
37,word cookies,27
37,no bake cookies,27
37,insomnia cookies,25
37,cake cookies,22
37,christmas cookies,22
37,how to make cookies,20
37,easy cookies,17
37,best cookies,15
37,chocolate oatmeal cookies,14
37,homemade cookies,12
37,enable cookies,11
37,clear cookies,11
38,chocolate chip cookies,75
38,sugar cookies,59
38,peanut butter cookies,49
38,oatmeal cookies,36
38,christmas cookies,35
38,girl scout cookies,29
38,no bake cookies,28
38,monster cookies,26
38,cookies for you,24
38,word cookies,18
38,insomnia cookies,17
38,pumpkin cookies,11
38,insomnia cookies fargo,9
38,gingerbread cookies,8
38,spritz cookies,7
38,cake mix cookies,7
39,chocolate cookies,100
39,butter cookies,71
39,chocolate chip cookies,65
39,chocolate chocolate chip cookies,64
39,sugar cookies,57
39,peanut butter cookies,56
39,no bake cookies,44
39,oatmeal cookies,43
39,girl scout cookies,41
39,insomnia cookies,32
39,christmas cookies,31
39,cake cookies,28
39,word cookies,26
39,how to make cookies,20
39,easy cookies,18
39,cheryls cookies,17
39,pumpkin cookies,16
39,homemade cookies,11
39,cake mix cookies,11
40,chocolate chip cookies,68
40,no bake cookies,60
40,butter cookies,59
40,sugar cookies,54
40,peanut butter cookies,45
40,oatmeal cookies,41
40,girl scout cookies,32
40,word cookies,25
40,insomnia cookies,17
40,christmas cookies,16
40,cookies okc,15
40,eileens cookies,11
40,cake mix cookies,11
40,homemade cookies,11
40,pumpkin cookies,9
40,chocolate no bake cookies,9
41,chocolate cookies,99
41,chocolate chip cookies,73
41,chocolate chocolate chip cookies,69
41,butter cookies,55
41,oatmeal cookies,47
41,sugar cookies,44
41,peanut butter cookies,43
41,cookie,42
41,no bake cookies,26
41,girl scout cookies,20
41,christmas cookies,15
41,how to make cookies,13
41,easy cookies,12
41,chocolate chip oatmeal cookies,12
41,pumpkin cookies,11
41,gluten free cookies,11
41,vegan cookies,9
41,coconut cookies,8
42,chocolate cookies,100
42,butter cookies,69
42,chocolate chip cookies,68
42,chocolate chocolate chip cookies,67
42,sugar cookies,52
42,peanut butter cookies,51
42,girl scout cookies,41
42,oatmeal cookies,40
42,insomnia cookies,38
42,christmas cookies,30
42,word cookies,26
42,cake cookies,23
42,no bake cookies,21
42,how to make cookies,18
42,easy cookies,18
42,pumpkin cookies,16
42,enable cookies,12
42,italian cookies,10
44,chocolate chip cookies,100
44,sugar cookies,73
44,oatmeal cookies,62
44,peanut butter cookies,60
44,girl scout cookies,53
44,christmas cookies,43
44,insomnia cookies,32
44,word cookies,25
44,italian cookies,19
44,gingerbread cookies,15
44,pumpkin cookies,13
44,no bake cookies,12
44,oatmeal raisin cookies,11
44,shortbread cookies,11
44,ricotta cookies,8
45,chocolate cookies,98
45,chocolate chip cookies,63
45,butter cookies,63
45,sugar cookies,51
45,peanut butter cookies,49
45,oatmeal cookies,43
45,girl scout cookies,42
45,word cookies,36
45,no bake cookies,24
45,christmas cookies,21
45,insomnia cookies,21
45,chocolate oatmeal cookies,15
45,homemade cookies,12
45,enable cookies,12
45,pumpkin cookies,9
45,word cookies answers,8
45,cake mix cookies,8
46,sugar cookies,70
46,chocolate chip cookies,69
46,peanut butter cookies,68
46,oatmeal cookies,51
46,girl scout cookies,38
46,no bake cookies,35
46,christmas cookies,30
46,eileens cookies,22
46,pumpkin cookies,15
46,cake mix cookies,13
46,monster cookies,10
46,oatmeal raisin cookies,9
47,chocolate cookies,92
47,butter cookies,67
47,chocolate chip cookies,59
47,peanut butter cookies,50
47,oatmeal cookies,46
47,sugar cookies,45
47,no bake cookies,39
47,girl scout cookies,34
47,word cookies,34
47,cake cookies,28
47,chocolate oatmeal cookies,19
47,christmas cookies,18
47,easy cookies,18
47,how to make cookies,18
47,oatmeal no bake cookies,14
47,insomnia cookies,12
47,homemade cookies,12
47,cake mix cookies,12
47,enable cookies,9
48,chocolate cookies,97
48,chocolate chip cookies,73
48,chocolate chocolate chip cookies,69
48,sugar cookies,59
48,butter cookies,57
48,cookie,54
48,oatmeal cookies,44
48,peanut butter cookies,41
48,girl scout cookies,41
48,cake cookies,26
48,word cookies,24
48,how to make cookies,24
48,christmas cookies,20
48,no bake cookies,19
48,best cookies,18
48,easy cookies,16
48,cookies and cream,11
48,clear cookies,11
49,chocolate cookies,100
49,chip cookies,91
49,chocolate chip cookies,77
49,chocolate chocolate chip cookies,75
49,sugar cookies,42
49,butter cookies,38
49,peanut butter cookies,30
49,no bake cookies,30
49,pumpkin cookies,29
49,oatmeal cookies,29
49,girl scout cookies,20
49,pumpkin chocolate chip cookies,17
49,cake mix cookies,15
49,clear cookies,12
49,chocolate chip oatmeal cookies,10
49,word cookies,8
49,christmas cookies,8
49,gluten free cookies,6
49,crumbl cookies,5
49,best chocolate chip cookies,5
50,chocolate chip cookies,72
50,sugar cookies,50
50,oatmeal cookies,47
50,peanut butter cookies,42
50,no bake cookies,31
50,girl scout cookies,22
50,christmas cookies,18
50,pumpkin cookies,9
50,oatmeal raisin cookies,8
50,toll house cookies,7
50,gingerbread cookies,7
50,molasses cookies,6
50,shortbread cookies,5
51,chocolate cookies,100
51,chocolate chocolate chip cookies,72
51,chocolate chip cookies,71
51,butter cookies,54
51,sugar cookies,45
51,oatmeal cookies,38
51,girl scout cookies,38
51,peanut butter cookies,37
51,christmas cookies,22
51,cake cookies,19
51,word cookies,18
51,how to make cookies,17
51,best cookies,17
51,no bake cookies,16
51,easy cookies,16
51,insomnia cookies,15
51,campus cookies,15
51,enable cookies,11
51,clear cookies,10
53,chocolate cookies,100
53,chocolate chip cookies,73
53,chocolate chocolate chip cookies,73
53,butter cookies,56
53,sugar cookies,47
53,oatmeal cookies,44
53,peanut butter cookies,43
53,no bake cookies,26
53,girl scout cookies,24
53,christmas cookies,16
53,cake cookies,16
53,best cookies,16
53,how to make cookies,13
53,easy cookies,13
53,chocolate chip oatmeal cookies,10
53,pumpkin cookies,10
53,gluten free cookies,10
53,cookies seattle,10
54,butter cookies,86
54,no bake cookies,76
54,peanut butter cookies,72
54,chocolate chip cookies,66
54,sugar cookies,55
54,word cookies,51
54,oatmeal cookies,42
54,girl scout cookies,37
54,christmas cookies,26
54,insomnia cookies,21
54,pumpkin cookies,15
54,cake mix cookies,12
54,word cookies answers,12
54,peanut butter cookies easy,8
54,oatmeal raisin cookies,7
55,chocolate cookies,100
55,chocolate chip cookies,70
55,butter cookies,69
55,chocolate chocolate chip cookies,69
55,peanut butter cookies,58
55,sugar cookies,50
55,oatmeal cookies,41
55,girl scout cookies,40
55,christmas cookies,29
55,cake cookies,19
55,word cookies,18
55,no bake cookies,16
55,easy cookies,16
55,how to make cookies,15
55,insomnia cookies,13
55,chocolate chip oatmeal cookies,10
56,chocolate chip cookies,100
56,sugar cookies,74
56,peanut butter cookies,71
56,oatmeal cookies,62
56,no bake cookies,59
56,girl scout cookies,27
56,christmas cookies,27
56,pumpkin cookies,25
56,eileens cookies,20
56,gingerbread cookies,10
56,shortbread cookies,10
56,pumpkin chocolate chip cookies,7
56,eileens cookies cheyenne,7
